id,generate id,RFID,generalInfo.name,generalInfo.discipline,generalInfo.nfdiConsortia,generalInfo.domain,generalInfo.altName,generalInfo.provider,generalInfo.RDItype,generalInfo.description,generalInfo.contactName,generalInfo.contactEmail,generalInfo.url,generalInfo.re3dataIdentifier,generalInfo.datasetsSearchCollectionId,generalInfo.Type_of_resources_present ,generalInfo.License,generalInfo.license_source_link,generalInfo.Type_of_access_rights ,generalInfo.NFDI_link,lawAndEthics.dataProvider,lawAndEthics.instituteType,lawAndEthics.complianceMeasures,lawAndEthics.dataTypes,lawAndEthics.applicableRegulations,lawAndEthics.accessRights,lawAndEthics.embargoPeriod,technicalInfo.metadataStandards.standards,technicalInfo.metadataStandards.interoperabilityLevel,technicalInfo.accessProtocols.supportedProtocols,technicalInfo.accessProtocols.authenticationMethods,technicalInfo.accessProtocols.persistentIdentifiers,technicalInfo.maintenance.softwareLicense,technicalInfo.maintenance.sustainabilityPlan,technicalInfo.maintenance.supportServices,technicalInfo.maintenance.updateFrequency,FAIRness.findability.persistentIdentifier,FAIRness.findability.richMetadata,FAIRness.findability.indexedInSearchEngines,FAIRness.findability.metadataSchema,FAIRness.findability.metadataPersistence,FAIRness.accessibility.retrievalProtocol,FAIRness.accessibility.authenticationRequired,FAIRness.accessibility.authenticationType,FAIRness.accessibility.metadataAlwaysAvailable,FAIRness.accessibility.dataAvailability,FAIRness.interoperability.knowledgeRepresentation,FAIRness.interoperability.vocabulariesUsed,FAIRness.interoperability.qualifiedReferences,FAIRness.interoperability.apiAvailability,FAIRness.interoperability.dataFormats,FAIRness.reusability.licenseClarity,FAIRness.reusability.provenanceInfo,FAIRness.reusability.communityStandards,FAIRness.reusability.documentationQuality,FAIRness.reusability.citationGuidelines,FAIRness.assessmentDate,FAIRness.assessmentMethod,FAIRness.overallFAIRScore,agriculturalContext.researchDomains,agriculturalContext.cropTypes,agriculturalContext.geographicCoverage,agriculturalContext.temporalCoverage.startYear,agriculturalContext.temporalCoverage.endYear,agriculturalContext.temporalCoverage.temporalResolution
1,RFId001202606012,RFId001202604272,BonaRes Repository,Life Sciences,FAIRagro,Agricultural Sciences,,ZALF (​​​​​​​​​​​​​​​​​​​​​​​​​​​​​​​​​​​​​​​​​​​​​​​​​​​​​​Leibniz Centre for Agricultural Landscape Research),Repository,"Publication of (inter)national data on soil, agricultural research and ecology",,dataservice@zalf.de ,https://www.bonares.de/research-data,r3d100013470,bonares,"Datasets, geo-spatial data, observational data and images",CC-BY 4.0 ,https://www.re3data.org/repository/r3d100013470,unrestricted,https://FAIRagro.net/en/services/search-hub/our-research-data-infrastructure/#:~:text=BonaRes%20Repositorium,ZALF (​​​​​​​​​​​​​​​​​​​​​​​​​​​​​​​​​​​​​​​​​​​​​​​​​​​​​​Leibniz Centre for Agricultural Landscape Research),,,,,unrestricted,,,,,,,,,,,Yes,Yes,Yes,Yes,Yes,Yes,No,Yes,Yes,Yes,Yes,Yes,Yes,Yes,Yes,Yes,Yes,Yes,Yes,no,,,,,,,,,
2,RFId002202606012,RFId002202604272,GFZ Data Services,Life Sciences,"NFDI4Earth, FAIRagro, NFDI4Microbiota",Geological sciences,,German Research Centre for Geosciences in Potsdam,Repository,"GFZ Data Services is a FAIR-compliant geoscience repository that provides long-term archiving, DOI assignment, and open access to research data and software.",,kirsten.elger@gfz.de,https://dataservices.gfz-potsdam.de/web/,r3d100012335,,"Geoscientific research data, software, images, and reports","CC0, CC-BY 4.0",https://www.re3data.org/repository/r3d100012335,unrestricted,https://www.dfg.de/resource/blob/174310/09bba7bf9bff63c833aae948ea9def25/nfdi4earth-abstract-data.pdf,German Research Centre for Geosciences in Potsdam,,,,,unrestricted,,,,,,,,,,,,,,,,,,,,,,,,,,,,,,,,,,,,,,,
3,RFId003202606012,RFId003202604272,EDI Data Portal,Life Sciences,FAIRagro,Environmental sciences,,"University of New Mexico and the University of Wisconsin – Madison, Center for Limnology",Data Portal,"Repository of environmental sciences funded by the U.S. National Science Foundation implemented by numerous partners, CORE TRUST-certified",,info@edirepository.org,https://portal.edirepository.org/nis/home.jsp,r3d100010272,,"Data sets, Images, software and text ","CC0, CC BY 4.0",https://www.re3data.org/repository/r3d100010272,unrestricted,https://zenodo.org/records/11144471,"University of New Mexico and the University of Wisconsin – Madison, Center for Limnology",,,,,unrestricted,,,,,,,,,,,Yes,Yes,Yes,Yes,Yes,Yes,No,Yes,Yes,Yes,Yes,No,No,Yes,No,Yes,Yes,No,Yes,Yes,,,,,,,,,
4,RFId004202606012,RFId004202604272,Plant Genomics and Phenomics Research Data Repository,Life Sciences,"FAIRagro, DataPLANT",Plant Sciences,"edal, e!DAL-PGP",Leibniz Institut for Plant Genetics and Crop Plant Research (IPK),Infrastructure,"Infrastructure for the extensive publication of plant research data
",,matthias.lange@ipk-gatersleben.de,https://edal-pgp.ipk-gatersleben.de/,r3d100011876,edal,"Dataset, genomic data, measurement and test data, simulation data","All data published with e!DAL-PGP are a Creative Commons License. The following types are possible: CC-0, CC-BY, CC-BY-SA, CC-BY-ND, CC-BY-NC, CC-BY-NC-SA and CC-BY-NC-ND.  For an open access publication CC-0, CC-BY and CC-BY-SA are recommended.",https://edal-pgp.ipk-gatersleben.de/document/PGP-contract.pdf,unrestricted,https://zenodo.org/records/11144471,Leibniz Institut for Plant Genetics and Crop Plant Research (IPK),,,,,unrestricted,,,,,,,,,,,,,,,,,,,,,,,,,,,,,,,,,,,,,,,
5,RFId005202606012,RFId005202604272,EnsemblPlants,Life Sciences,FAIRagro,Plant Sciences,,European Molecular Biology Laboratory – European Bioinformatics Institute (EMBL‑EBI) (United Kingdom),Infrastructure,EnsemblPlants is a genome-centric portal for plant species.,,https://www.ensembl.org/Help/Contact,http://plants.ensembl.org/index.html,r3d100011199,,"Plant genomic, gene annotation, variation, and comparative genomics data.",EMBL-EBI and Apache License 2.0,https://www.re3data.org/repository/r3d100011199,unrestricted,https://zenodo.org/records/11144471,European Molecular Biology Laboratory – European Bioinformatics Institute (EMBL‑EBI) (United Kingdom),,,,,unrestricted,,,,,,,,,,,,,,,,,,,,,,,,,,,,,,,,,,,,,,,
6,RFId006202606012,RFId006202604272,NCBI,Life Sciences,FAIRagro,"Plant Genetics and Genomics, Biomedicine, Plant Sciences, Life Sciences, Natural Sciences",,"National Center for Biotechnology Information (NCBI), U.S. National Library of Medicine (NLM), National Institutes of Health (NIH).",Infrastructure,The National Center for Biotechnology Information advances science and health by providing access to biomedical and genomic information.,,info@ncbi.nlm.nih.gov,https://www.ncbi.nlm.nih.gov/gene?db=gene,r3d100010650,,"Gene and genomic data, annotations, cross-references",Public Domain / Open Access,https://www.re3data.org/repository/r3d100010650,unrestricted,https://zenodo.org/records/11144471,"National Center for Biotechnology Information (NCBI), U.S. National Library of Medicine (NLM), National Institutes of Health (NIH).",,,,,unrestricted,,,,,,,,,,,,,,,,,,,,,,,,,,,,,,,,,,,,,,,
7,RFId007202606012,RFId007202604272,Zenodo,Life Sciences,NA,uncategorized,,"CERN (European Organization for Nuclear Research), Switzerland",Infrastructure,Large repo without subject specialisation for the publication of all types of research data,,info@zenodo.org,https://zenodo.org/,r3d100010468,,"Research data, publications, software, documentation",CC0,https://www.re3data.org/repository/r3d100010468,unrestricted,https://zenodo.org/records/11144471,"CERN (European Organization for Nuclear Research), Switzerland",,,,,unrestricted,,,,,,,,,,,Yes,Yes,Yes,Yes,Yes,Yes,Yes,Yes,Yes,Yes,Yes,Yes,No,Yes,Yes,Yes,No,Yes,Yes,Yes,,,,,,,,,
8,RFId008202606012,RFId008202604272,PUBLISSO Repository for Life Sciences,Life Sciences,FAIRagro,Life Sciences,,ZB MED – Informationszentrum Lebenswissenschaften,Repository,"ZB MED’s Repository for Life Sciences provides free, open-access publication and archiving of scientific texts and research data in medicine, health, nutrition, environment, and agriculture.",,fachrepositorium@zbmed.de,https://repository.publisso.de/,r3d100013523,frl,"Research data, publications, and supplemental materials in life sciences",Open access within the limits of the Copyright Law,https://www.gesetze-im-internet.de/englisch_urhg/englisch_urhg.html,unrestricted,https://zenodo.org/records/11144471,ZB MED – Informationszentrum Lebenswissenschaften,,,,,unrestricted,,,,,,,,,,,,,,,,,,,,,,,,,,,,,,,,,,,,,,,
9,RFId009202606012,RFId009202604272,ZB MED Suchportal Lebenswissenschaften,Life Sciences,FAIRagro,Life Sciences,LIVIVO Discovery Service,ZB MED – Informationszentrum Lebenswissenschaften,Data Portal,"LIVIVO, operated by ZB MED, is an interdisciplinary search engine for life sciences that indexes literature and research data from multiple databases, including DataCite centres, with ongoing integration of additional life science repositories.",,info@zbmed.de ,https://www.livivo.de,r3d100013036,,"LIVIVO provides metadata access to datasets, publications, and other research outputs as it’s a discovery service, not a data host.",Respective license of the linked resource,https://www.livivo.de/app/misc/help/about#Copyright_Notice,unrestricted,https://zenodo.org/records/11144471,ZB MED – Informationszentrum Lebenswissenschaften,,,,,unrestricted,,,,,,,,,,,Yes,Yes,Yes,Yes,Yes,Yes,No,Yes,Yes,Yes,Yes,Yes,Yes,Yes,Yes,Yes,Yes,Yes,Yes,Yes,,,,,,,,,
10,RFId010202606012,RFId010202604272,GBIS/I,Life Sciences,FAIRagro,Plant Sciences,,Leibniz Institut for Plant Genetics and Crop Plant Research (IPK),Information System ,Information on the inventory of the federal centre of ex situ collection for plants/seeds,,"	gbis-info@ipk-gatersleben.de
",https://gbis.ipk-gatersleben.de/gbis2i/faces/index.jsf,,,"Datasets, images, and metadata on plant genetic resources conserved at IPK",,,unrestricted,https://zenodo.org/records/11144471,Leibniz Institut for Plant Genetics and Crop Plant Research (IPK),,,,,unrestricted,,,,,,,,,,,,,,,,,,,,,,,,,,,,,,,,,,,,,,,
11,RFId011202606012,RFId011202604272,Edaphobase,Life Sciences,FAIRagro,Life Sciences,,Senckenberg Museum of Natural History Görlitz (SMNG),Data Portal,"Edaphobase is an integrated database that compiles and provides access to soil zoological and ecological data, including species occurrences, taxonomy, and environmental parameters from diverse research sources.",Andrey Zaytsev,"info@edaphobase.org, andrey.zaytsev@senckenberg.de",https://portal.edaphobase.org/,r3d100014734,,"datasets on soil fauna occurrence, taxonomy, abundance, and environmental parameters with spatial metadata.","Custom “Terms of Use”, data available for non-commercial scientific purposes; attribution required; redistribution and commercial use only with provider’s approval.",https://portal.edaphobase.org/resource/docs/data_policy.pdf,unrestricted,https://zenodo.org/records/11144471,Senckenberg Museum of Natural History Görlitz (SMNG),,,,,unrestricted,,,,,,,,,,,Yes,Yes,No,Yes,Yes,Yes,No,No,Yes,Yes,Yes,Yes,Yes,Yes,Yes,Yes,Yes,Yes,Yes,Yes,,,,,,,,,
12,RFId012202606012,RFId012202604272,Base-search,Life Sciences,FAIRagro,Literature,,Bielefeld University Library.,Data Portal,BASE is one of the world's most voluminous search engines especially for academic web resources.,,https://www.base-search.net/about/en/contact.php,https://www.base-search.net/,,,"all kinds of academically relevant resources – journals, institutional repositories, digital collections etc.",Varius - Depending on the data provider,https://www.base-search.net/Browse/Licence?list2=CC-%2A&refid=dcbroen,unrestricted,https://zenodo.org/records/11144471,Bielefeld University Library.,,,,,unrestricted,,,,,,,,,,,,,,,,,,,,,,,,,,,,,,,,,,,,,,,
13,RFId013202606012,RFId013202604272,Dryad,Life Sciences,FAIRagro,Ecology and Biodiversity of Plants and Ecosystems,,Dryad is a non profit member organisation developed with the support from California Digital Library and intital funding from U.S. National Science Foundation ,Repository,Dryad is an open data publishing platform and a community committed to the open availability and routine re-use of all research data.,,hello@datadryad.org,https://datadryad.org/stash,r3d100000044,,"dataset, software and text",CC0,https://datadryad.org/help/requirements/files#searching,partially restricted,https://zenodo.org/records/11144471,Dryad is a non profit member organisation developed with the support from California Digital Library and intital funding from U.S. National Science Foundation ,,,,,partially restricted,,,,,,,,,,,,,,,,,,,,,,,,,,,,,,,,,,,,,,,
14,RFId014202606012,RFId014202604272,OpenAgrar,Life Sciences,FAIRagro,Agricultural Sciences,,Bundesanstalt für Landwirtschaft und Ernährung and Bundesministerium für Ernährung und Landwirtschaft,Repository,"Open Agrar is the publication server of six BMEL research institutes: DBFZ, JKI, FLI, MRI, Thünen Institut and BfR, providing access to their research outputs.",,https://www.openagrar.de/content/below/contact.xml,https://www.openagrar.de/content/index.xml?lang=en,r3d100012467,openagrar,"theses, reports, conference proceedings, journal articles, books, institutional documents, research datasets, videos and interviews.","Various licenses, including CC-BY or ""All rights reserved""",https://www.re3data.org/repository/r3d100012467,partially restricted,https://zenodo.org/records/11144471,Bundesanstalt für Landwirtschaft und Ernährung and Bundesministerium für Ernährung und Landwirtschaft,,,,,partially restricted,,,,,,,,,,,Yes,Yes,Yes,Yes,Yes,Yes,No,Yes,Yes,Yes,Yes,Yes,Yes,Yes,Yes,Yes,Yes,Yes,No,Yes,,,,,,,,,
15,RFId015202606012,RFId015202604272,German genebank of vine (UC NICEPLANTS),Life Sciences,FAIRagro,uncategorized,,"Julius Kühn-Institut Bundesforschungsinstitut für Kulturpflanzen, Institut für Rebenzüchtung Geilweilerhof",Infrastructure, The German Vine Gene Bank consists of vine-preserving facilities and is therefore an essential instrument for securing vine genetic resources in Germany.,,zr@julius-kuehn.de,https://www.deutsche-genbank-reben.julius-kuehn.de/,r3d100013220,,"phenotypic, genotypic and passport data of grapevine germplasm","Access is provided under the Standard Material Transfer Agreement (SMTA) in accordance with the International Treaty on Plant Genetic Resources, ensuring fair use and benefit-sharing.",https://www.deutsche-genbank-reben.julius-kuehn.de/index.php?r=info%2Fzugangsbed,partially restricted,https://zenodo.org/records/11144471,"Julius Kühn-Institut Bundesforschungsinstitut für Kulturpflanzen, Institut für Rebenzüchtung Geilweilerhof",,,,,partially restricted,,,,,,,,,,,,,,,,,,,,,,,,,,,,,,,,,,,,,,,
16,RFId016202606012,RFId016202604272,TERENO,Life Sciences,FAIRagro,Environmental sciences,,"TERENO Coordination Board, which is a group of four coordinators from the research centres FZJ, UFZ, KIT and GFZ.",Data Portal,Data from four landscape observatories in Germany as well as weather radar stations and data from other participants,,h.bogena@fz-juelich.de,https://ddp.tereno.net/ddp/,r3d100011471,,"Data sets, especially from the four TERENO observatories (see also https://www.tereno.net/joomla4/index.php/observatories)","TERENO-specific terms: Non-commercial use, citation required, derivative works allowed, results sharing encouraged.",https://ddp.tereno.net/ddp/docs/TERENO-Data%20Policy%20V2.0.pdf,partially restricted,https://zenodo.org/records/11144471,"TERENO Coordination Board, which is a group of four coordinators from the research centres FZJ, UFZ, KIT and GFZ.",,,,,partially restricted,,,,,,,,,,,,,,,,,,,,,,,,,,,,,,,,,,,,,,,
17,RFId017202606012,RFId017202604272,Climate Data Center,Life Sciences,FAIRagro,Environmental sciences,,Deutscher Wetterdienst,Data Portal,"DWD data portal for daily updated (growing) time series for weather data (part of the Open Data Server)
",,klima.vertrieb@dwd.de,https://cdc.dwd.de/portal/,r3d100010621,,Datasets,"Creative Commons BY 4.0 - Licence ""CC BY 4.0""",https://opendata.dwd.de/climate_environment/CDC/Terms_of_use.pdf,partially restricted,https://zenodo.org/records/11144471,Deutscher Wetterdienst,,,,,partially restricted,,,,,,,,,,,,,,,,,,,,,,,,,,,,,,,,,,,,,,,
18,RFId018202606012,RFId018202604272,Open Data Server,Life Sciences,FAIRagro,Environmental sciences,,Deutscher Wetterdienst,Data Portal,DWD data portal for daily updated (growing) time series for weather data ,,"kundenservice@dwd.de
",https://opendata.dwd.de/,,,Datasets,"Creative Commons BY 4.0 - Licence ""CC BY 4.0""",https://www.dwd.de/EN/service/copyright/copyright_node.html.,partially restricted,https://zenodo.org/records/11144471,Deutscher Wetterdienst,,,,,partially restricted,,,,,,,,,,,No,Yes,Yes,Yes,Yes,Yes,No,No,Yes,Yes,No,Yes,Yes,No,Yes,Yes,Yes,Yes,Yes,Yes,,,,,,,,,
19,RFId019202606012,RFId019202604272,Deutsche Genbank Obst,Life Sciences,FAIRagro,Horticulture,,Julius Kühn-Institut Bundesforschungsinstitut für Kulturpflanzen,Infrastructure,The Deutsche Genbank Obst consists of fruit-specific conservation networks and is therefore an essential tool for the conservation of fruit genetic resources in Germany.,,monika.hoefer@julius-kuehn.de,https://www.deutsche-genbank-obst.de/,r3d100012467,,"Information, Images  and data on Fruit genetic resources ",All rights reserved. Use permitted for scientific and non-commercial purposes. ,deutsche-genbank-obst.de/site/impressum,partially restricted,https://zenodo.org/records/11144471,Julius Kühn-Institut Bundesforschungsinstitut für Kulturpflanzen,,,,,partially restricted,,,,,,,,,,,,,,,,,,,,,,,,,,,,,,,,,,,,,,,
20,RFId020202606012,RFId020202604272,Plant Biotechnology Information Primary Database,Life Sciences,FAIRagro,"Plant Sciences, Plant Genetics and Genomics",PlabiPD,Forschungszentrum Jülich-Institute IBG-4 (Bioinformatics),Repository,"PlaBiPD is a central portal containing plant genomic, transcriptomic, and ontology data for major crop plants in Germany.",,r.schwacke@fz-juelich.de; b.usadel@fz-juelich.de; m.bolger@fz-juelich.de,https://www.plabipd.de,r3d100014744,,Plant genome assemblies and sequences; gene and protein annotations; transcriptome data; ontology classifications,Creative Commons Zero v1.0 Universal,https://www.re3data.org/repository/r3d100014744,partially restricted,https://zenodo.org/records/11144471,Forschungszentrum Jülich-Institute IBG-4 (Bioinformatics),,,,,partially restricted,,,,,,,,,,,,,,,,,,,,,,,,,,,,,,,,,,,,,,,
21,RFId021202606012,RFId021202604272,OrganicXseeds (UC ORGSEED),Life Sciences,FAIRagro,Plant Sciences,,Forschungsinstitut für biologischen Landbau,Online database,OrganicXseeds is a national database listing currently available organically propagated varieties of seed and planting material,,"kaja.gutzen@fibl.org , matthias.klaiss@fibl.org",https://www.organicxseeds.de/,,,"Information and data – i.e. database entries on available organic seeds/propagating material (variety offers, supplier info, regulatory status)",All rights reserved. Use permitted for scientific and non-commercial purposes. ,-,partially restricted,https://zenodo.org/records/11144471,Forschungsinstitut für biologischen Landbau,,,,,partially restricted,,,,,,,,,,,,,,,,,,,,,,,,,,,,,,,,,,,,,,,
22,RFId022202606012,RFId022202604272,PhenoRoam,Life Sciences,FAIRagro,"Plant Sciences, Agricultural Sciences, Robotics",,PhenoRob (Cluster of Excellence at University of Bonn),Repository,"PhenoRoam is the data catalog of the PhenoRob excellence cluster, facilitating the sharing of geographically referenced research data",,phenoroamsupport@igg.uni-bonn.de,https://phenoroam.phenorob.de/,,,Datasets,Various,-,partially restricted,https://zenodo.org/records/11144471,PhenoRob (Cluster of Excellence at University of Bonn),,,,,partially restricted,,,,,,,,,,,,,,,,,,,,,,,,,,,,,,,,,,,,,,,
23,RFId023202606012,RFId023202604272,FarmPheno,Life Sciences,"NFDI4Biodiversity, FAIRagro","Agricultural Sciences, Animal Breeding, Animal Husbandry",,"Leibniz Institute for Farm Animal Biology (FBN), Dummerstorf",Repository,"FarmPheno is a genotype–phenotype database for farm animals (cattle, pigs) in the context of performance, health, and welfare traits",,  ,farmpheno.fbn-dummerstorf.de,,,Datasets,-,-,partially restricted,https://zenodo.org/records/11144471,"Leibniz Institute for Farm Animal Biology (FBN), Dummerstorf",,,,,partially restricted,,,,,,,,,,,,,,,,,,,,,,,,,,,,,,,,,,,,,,,
24,RFId024202606012,RFId024202604272,DWD Open Data Server,Life Sciences,FAIRagro,Environmental sciences,,German Weather Service,Data Portal,German Weather Service open portal for weather and climate data (spatial and time-series),,info@dwd.de,https://www.dwd.de/opendata,,,Datasets,Creative Commons license BY 4.0,https://www.dwd.de/DE/service/rechtliche_hinweise/rechtliche_hinweise.html?nn=16102&lsbId=625220 ,unrestricted,https://FAIRagro.net/en/services/search-hub/our-research-data-infrastructure/,German Weather Service,,,,,unrestricted,,,,,,,,,,,,,,,,,,,,,,,,,,,,,,,,,,,,,,,
25,RFId025202606012,RFId025202604272,The European Nucleotide Archive (ENA),Life Sciences,"DATAPLANT, NFDI4Microbiota, NFDI4Biodiversity ",Life Sciences,,European Bioinformatics Institute,Repository,A comprehensive open archive of nucleotide sequence data (DNA/RNA sequences) and associated metadata,,https://www.ebi.ac.uk/ena/browser/support,https://www.ebi.ac.uk/ena/browser/home,r3d100010527,,Nucleotide sequence data,CC0,https://www.ebi.ac.uk/licencing/,unrestricted,https://www.nfdi4biodiversity.org/en/datenzentren/#:~:text=Image%3A%202,European Bioinformatics Institute,,,,,unrestricted,,,,,,,,,,,,,,,,,,,,,,,,,,,,,,,,,,,,,,,
26,RFId026202606012,RFId026202604272,JKI Data Cube,Life Sciences,FAIRagro,"Earth Sciences, Agricultural Sciences",,Julius Kühn-Institut (JKI),Repository,JKI Data Cube stores and provides multi-dimensional time series of gridded geodata,,"florian.beyer@julius-kuehn.de , markus.moeller@julius-kuehn.de",https://sf.julius-kuehn.de/mapviewer,,,Datasets,MIT License,https://github.com/florianbeyer/JKIDataCubeDemo/blob/main/LICENSE,unrestricted,https://FAIRagro.net/en/services/search-hub/our-research-data-infrastructure/,Julius Kühn-Institut (JKI),,,,,unrestricted,,,,,,,,,,,,,,,,,,,,,,,,,,,,,,,,,,,,,,,
27,RFId027202606012,RFId027202604272,Bodenzustandserhebung Landwirtschaft (BZE-LW),Life Sciences,FAIRagro,uncategorized,National Agricultural Soil Inventory (BZE-LW),Thünen Institute,Infrastructure,BZE-LW is a consistent and representative inventory of chemical and physical soil properties in the top 100 cm in agricultural soils.,,christopher.poeplau@thuenen.de,https://thuenen-institut.maps.arcgis.com/apps/AttachmentViewer/index.html?appid=2de0e7ff798140a2aa1860f8b64efcbe,,,Soil data ,Datenlizenz Deutschland – Namensnennung 2.0,https://www.landwirtschaftsdaten.de/,unrestricted,https://FAIRagro.net/en/services/search-hub/our-research-data-infrastructure/,Thünen Institute,,,,,unrestricted,,,,,,,,,,,,,,,,,,,,,,,,,,,,,,,,,,,,,,,
28,RFId028202606012,RFId028202604272,Bodenzustandserhebung im Wald,Life Sciences,FAIRagro,uncategorized,National Forest Soil Inventory (BZE Wald),Thünen Institute,Infrastructure,"BZE Wald focuses on status and changes of soil and forests condition, impacts of environmental factors on soil and crown condition like atmospheric deposition, climate, growth, vegetation, tree nutrition and biodiversity, and sustainable forest management.",,"nicole.wellbrock@thuenen.de , erik.grueneberg@thuenen.de",https://blumwald.thuenen.de/bze/,,,Geospatial survey data and soil profile data,-,-,unrestricted,https://FAIRagro.net/en/services/search-hub/our-research-data-infrastructure/,Thünen Institute,,,,,unrestricted,,,,,,,,,,,,,,,,,,,,,,,,,,,,,,,,,,,,,,,
29,RFId029202606012,RFId029202604272,SRADI ,Life Sciences,FAIRagro,uncategorized,Smart Rural Areas Data Infrastructure,Technical University of Munich (TUM) – Hans Eisenmann-Forum für Agrarwissenschaften (HEF),Infrastructure,SRADI (Smart Rural Areas Data Infrastructure) of TUM is an interdisciplinary data platform for the comprehensive structuring and sharing of research data in the field of life sciences.,,david.gackstetter@tum.de,https://www.hef.tum.de/hef/service/smart-rural-areas-data-infrastructure/,,,Datasets,-,-,partially restricted,https://FAIRagro.net/en/services/search-hub/our-research-data-infrastructure/,Technical University of Munich (TUM) – Hans Eisenmann-Forum für Agrarwissenschaften (HEF),,,,,partially restricted,,,,,,,,,,,,,,,,,,,,,,,,,,,,,,,,,,,,,,,
30,RFId030202606012,RFId030202604272,Biological Collection Access Service for Europe,Life Sciences,NFDI4Biodiversity,"Life Sciences, Plant Sciences",BioCASe,Freie Universität Berlin,Repository,"The BGBM is a major biodiversity research center housing ~3.5 million herbarium specimens, extensive living plant collections, and a large botanical library. As an NFDI4Biodiversity data center, BGBM focuses on botanical collection and observation data, and on taxon-level data management covering the entire taxonomic workflow in the field of botany",,support@biocase.org,https://www.biocase.org/,r3d100011343,,"Botanical specimen records (herbarium data with images), botanical observation data (field records), taxonomic and systematic data (floras, monographs, nomenclature), and related research datasets",Open data under Creative Commons licenses (e.g. CC BY 4.0 or CC0) as per GBIF publishing policies,https://www.gbif.org/terms,unrestricted,https://kb.gfbio.org/display/KB/GFBio+Data+Centers,Freie Universität Berlin,,,,,unrestricted,,,,,,,,,,,,,,,,,,,,,,,,,,,,,,,,,,,,,,,
31,RFId031202606012,RFId031202604272,European Soil Data Centre ,Life Sciences,FAIRagro,Soil Sciences,ESDAC,European Commission – Joint Research Centre (JRC),Data portal ,"The European Soil Data Centre is the single reference point for all relevant soil data and information at European level. It contains a range of resources organized in various forms (datasets, applications/services, maps, documents, events, projects, external links)",ESDAC; European Soil Data Centre Portal,ec-esdac@ec.europa.eu,https://esdac.jrc.ec.europa.eu/,r3d100011752,,"oil datasets, web services/applications, maps, documents, events, projects, and external links","Creative Commons Attribution 4.0 International (CC BY 4.0) for data (with certain components, such as generated HTML report files, under a CC BY-NC-ND 4.0 license)",https://commission.europa.eu/legal-notice_en,unrestricted,,European Commission – Joint Research Centre (JRC),,,,,unrestricted,,,,,,,,,,,,,,,,,,,,,,,,,,,,,,,,,,,,,,,
32,RFId032202606012,RFId032202604272,Thünen Institute Scientific Data Repository,Life Sciences,FAIRagro,Soil Sciences,TISDAR,Johann Heinrich von Thünen-Institut ,Infrastructure,The Thünen Institute Scientific Data Repository (TISDAR) is used to provide a FAIR data service for researchers inside the institute. It is based on the OSGeo funded OpenSource project GeoNode.,Britta Timmermann,opendata@thuenen.de,https://dateno.io/registry/catalog/temp00002724/,,,"Primarily geospatial research datasets (vector and raster data layers such as maps, GIS shapefiles, remote-sensing images) and related supporting files (tabular data, scripts, documents). The repository manages both raw and processed spatial data (e.g. land-use data, monitoring data) and metadata for these resources.",Creative Commons Attribution 4.0 (CC BY 4.0) for public release,https://dateno.io/registry/catalog/temp00002724/,restricted,   https://FAIRagro.net/wp-content/uploads/2023/10/LOI_FAIRagro_2021.pdf,Johann Heinrich von Thünen-Institut ,,,,,restricted,,,,,,,,,,,,,,,,,,,,,,,,,,,,,,,,,,,,,,,
33,RFId033202606012,RFId033202604272,Thünen Atlas,Life Sciences," FAIRagro, NFDI4Biodiversity","Geological sciences, Life Sciences, Plant Sciences, Agricultural Sciences, Soil Sciences, Ecology of Land Use, Animal Breeding, Veterinary Medical Science, Animal Husbandry, Atmospheric science, Animal Nutrition",,Johann Heinrich von Thünen-Institut ,Data portal ,"An interactive geoportal publishing comprehensive spatial data and interactive maps on rural development, agriculture, forestry, and marine ecosystems across Germany. It serves as a central access point for thematic atlases and geodata produced by the Thünen Institute, with data available via standardized APIs for integration into GIS applications and analysis tools",Franziska Mau,"info@thuenen.de, franziska.mau@thuenen.de",https://atlas.thuenen.de/,r3d100014743,thuenenatlas,Datasets (geospatial data and observational data),Open access (publicly accessible); some data are restricted (certain datasets require authorization),https://atlas.thuenen.de/legal_notice/,unrestricted,https://FAIRagro.net/en/services/search-hub/our-research-data-infrastructure/,Johann Heinrich von Thünen-Institut ,,,,,unrestricted,,,,,,,,,,,No,Yes,No,Yes,No,Yes,No,No,Yes,Yes,No,No,Yes,Yes,Yes,Yes,No,Yes,Yes,Yes,,,,,,,,,
34,RFId034202606012,RFId034202604272,Tierseuchennachrichtensystem,Life Sciences,NFDI4Microbiota,Veterinary Medical Science,Animal Disease Information System,Friedrich-Loeffler-Institut,Information system ,TSN is Germany’s unified electronic system for recording and monitoring outbreaks of notifiable animal diseases (since 1995) and reportable animal diseases (since 1997),,tsn@fli.de,https://tsis.fli.de/cadenza/,r3d100014749,,Outbreak reports and surveillance datasets (tabular data of animal disease cases) with geospatial information (locations of outbreaks),Nutzungsbestimmungen für die Bereitstellung von Geodaten des Bundes” (GeonutzV – Federal Geodata Provision Usage Terms) – essentially an open data usage policy for federal geodata,https://gdi-catalog.bmel.de/srv/api/records/669B6E81-BDE8-414C-B04F-D3EEF262880B,partially restricted,https://www.mdpi.com/2813-0227/4/1/7,Friedrich-Loeffler-Institut,,,,,partially restricted,,,,,,,,,,,,,,,,,,,,,,,,,,,,,,,,,,,,,,,
35,RFId035202606012,RFId035202604272,BacDive - Bacterial Diversity Database,Life Sciences,"NFDI4Microbiota, NFDI4Biodiversity",Life Sciences,"Leibniz Institute DSMZ-German Collection of Microorganisms and Cell Cultures, Leibniz-Institut DSMZ-Deutsche Sammlung von Mikroorganismen und Zellkulturen,  Deutsche Sammlung von Mikroorganismen und Zellkulturen, DSMZ",Leibniz-Institut DSMZ-Deutsche Sammlung von Mikroorganismen und Zellkulturen GmbH,Repository,"The DSMZ Open Collection is the publicly accessible portion of the DSMZ biorepository. It comprises microbial strains (bacteria, archaea, fungi), human and animal cell lines, plant viruses, bacteriophages, microbial plasmids and DNA, etc., all of which are deposited and made available to the international research community. (The DSMZ “collects biological material of applied, biotechnological, educational, taxonomic, and general interest” and makes it freely accessible once deposited",Lorenz Reimer,"contact@dsmz.de, lorenz.reimer@dsmz.de",https://www.dsmz.de/,r3d100010219,,"Cultures and biological materials: bacterial, archaeal and fungal strains; human and animal cell lines; plant viruses; bacteriophages; microbial plasmids and genomic DNA, etc. (DSMZ’s collection contains >73,700 items, including ~31,900 bacterial strains, 6,600 fungal strains, 840 cell lines, 1,500 plant viruses, 700 bacteriophages, and 19,000 bacterial DNA samples",Copyright (DSMZ holds all rights; reuse requires attribution/permission),https://www.dsmz.de/imprint,unrestricted,https://www.nfdi.de/nfdi4microbiota,Leibniz-Institut DSMZ-Deutsche Sammlung von Mikroorganismen und Zellkulturen GmbH,,,,,unrestricted,,,,,,,,,,,Yes,Yes,Yes,Yes,Yes,Yes,No,No,Yes,Yes,Yes,Yes,Yes,Yes,Yes,Yes,Yes,Yes,Yes,Yes,,,,,,,,,
36,RFId036202606012,RFId036202604272,HUB - Long-term field tests,Life Sciences,FAIRagro,Agricultural Sciences,eaching and Research Station for Crop Science (Humboldt University Berlin).,"Humboldt-Universität zu Berlin, Albrecht Daniel Thaer-Institut für Agrar- und Gartenbauwissenschaften",Infrastructure,"The station manages multiple multi-decade agricultural field trials at two sites (Berlin-Dahlem and Thyrow, Brandenburg). Key experiments include long-term fertilizer, irrigation and nutrient-deficiency trials (e.g. a winter rye nutrient-deficiency experiment started in 1937) that track crop yields, soil properties and carbon dynamics",Michael Baumecker,michael.baumecker@agrar.hu-berlin.de,https://www.agrar.hu-berlin.de/de/institut/einrichtungen/freiland/standardseite,,,Research datasets from long-term agricultural field experiments,Copyright © Humboldt-Universität zu Berlin (all rights reserved),https://www.agrar.hu-berlin.de/de/institut/einrichtungen/freiland/Impressum,,,"Humboldt-Universität zu Berlin, Albrecht Daniel Thaer-Institut für Agrar- und Gartenbauwissenschaften",,,,,,,,,,,,,,,,,,,,,,,,,,,,,,,,,,,,,,,,,,,,
37,RFId037202606012,RFId037202604272,FLOPOknb,Life Sciences,NA,"Ontology, Life Sciences",,Senckenberg,Service,"The FLOPOknb comprises a knowledge base (knb) of morphological traits and phenotype data text-mined from Floras, monographies and thematic databases. All data are annotated using the Flora Phenotype Ontology (FLOPO) and other OBO ontologies to enable integration and interoperability with other data sources in the agro-, biodiversity or Earth System Sciences.",,claus.weiland@senckenberg.de,,,,,,,,,Senckenberg,,,,,,,,,,,,,,,,,,,,,,,,,,,,,,,,,,,,,,,,,,,,
38,RFId038202606012,RFId038202604272,PlantsDB (UC PANGENOME),Life Sciences,NA,uncategorized,,HMGU,Information system ,"MIPS PlantsDB is a member resource in the European Union-funded transPLANT initiative, a project aimed to enhance the inter-connectivity of distributed plant genome resources and databases within Europe and internationally and to support the development of plant genome resources as well as common standards.",,,https://mips.helmholtz-muenchen.de/plant/genomes.jsp,,,,,,,,HMGU,,,,,,,,,,,,,,,,,,,,,,,,,,,,,,,,,,,,,,,,,,,,
39,RFId039202606012,RFId039202604272,RAKIP-Web Model Repository,Life Sciences,NA,"Life Sciences, Food Safety","BfR, RAKIP (UC HEFS4AGRI) ",German Federal Institute for Risk Assessment,Disciplinary,"The RAKIP-Web Model Repository is a specialized, web-based repository for sharing and discovering computational models used in food safety risk assessment. Hosted by the German Federal Institute for Risk Assessment (BfR), it serves as the central platform for the RAKIP (Risk Assessment Modelling and Knowledge Integration Platform) initiative. Its core purpose is to foster transparency, reproducibility, and reuse in predictive microbiology and chemical exposure assessment by providing a curated, standardized collection of models. The repository primarily hosts models that comply with the international FSKX (Food Safety Knowledge Markup Language) standard, ensuring they are interoperable and executable with compatible software tools like FSK-Lab. It features a public area for discovering models and a protected area for submission and curation, governed by a formal curation policy to maintain quality and standardization. ",,"foodrisklabs@bfr.bund.de, silebat@bfr.bund.de ",https://knime.bfr.berlin/landingpage/RAKIP-Model-Repository,r3d100014752,,Computational models used in food safety risk assessment,CC,https://spdx.org/licenses/CC-BY-4.0.html,unrestricted,,German Federal Institute for Risk Assessment,,,,,unrestricted,,,,,,,,,,,,,,,,,,,,,,,,,,,,,,,,,,,,,,,
40,RFId040202606012,RFId040202604272,ACTApro,Life Sciences,NA,Life Sciences,,Staatliche Archive Bayern,Repository,"ACTApro is archival software used for cataloging and managing archival materials. ACTApro was developed in 2006 by startext GmbH in cooperation with the Historical Archive of the City of Cologne . ACTApro is used in small and large municipal, church, university, and corporate archives in Germany and Austria.",,,https://www.actapro.de/,,,,,,,,#REF!,,,,,,,,,,,,,,,,,,,,,,,,,,,,,,,,,,,,,,,,,,,,
41,RFId041202606012,RFId041202604272,ATB Research Data Catalogue,Life Sciences,NA,Life Sciences,,ATB Potsdam,,"The library provides a modern reading room with five workplaces, internet access, microfiche-viewer, collections of scientific magazines and journales. The ATB-library is a reference library which purpose is to reflects the research areas and ongoing projects of the ATB in the field of agricultural, environmental and process engineering. The ATB-library is an open-stack, non-lending facility. External users may consult literature in the reading room. The library participates in the interlibrary loan services. For orders made on the interlibrary loan request form, photocopies of items up to 20 pages are delivered free of charge within Germany.",,bibliothek@atb-potsdam.de,https://www.atb-potsdam.de/en/research/research-infrastructure/library,fairagro41,,,,,,,ATB Potsdam,,,,,,,,,,,,,,,,,,,,,,,,,,,,,,,,,,,,,,,,,,,,
42,RFId042202606012,RFId042202604272,Geo Data Server,Life Sciences,NA,Life Sciences,Geodatenserver Diabek,Weihenstephan-Triesdorf University of Applied Sciences (HSWT),,"The Diabek Geodata Server (Geodatenserver) is a specialized digital platform developed by the Weihenstephan-Triesdorf University of Applied Sciences (HSWT) for the Diabek precision farming research project.

It functions as a secure data-sharing hub designed specifically to bridge the gap between agricultural research and field practice. The server enables farmers and researchers to securely upload, exchange, and process spatial agricultural data. This includes critical geographic datasets such as field boundaries, soil maps, and yield records, which are essential for designing site-specific, variable-rate management strategies (like prescription maps for fertilization and seeding) that optimize resource efficiency and environmental protection.",Prof. Dr. Patrick Noack,patrick.noack@hswt.de,https://geodaten.triesdorf.hswt.de/#/,fairagro42,,,,,,,Weihenstephan-Triesdorf University of Applied Sciences (HSWT),,,,,,,,,,,,,,,,,,,,,,,,,,,,,,,,,,,,,,,,,,,,
43,RFId043202606012,RFId043202604272,IoT Frontend,Life Sciences,NA,Life Sciences,,,,,,,,,,,,,,,,,,,,,,,,,,,,,,,,,,,,,,,,,,,,,,,,,,,,,,,,,,,
44,RFId044202606012,RFId044202604272,AFiD - Panel Argiculture structure,Life Sciences,NA,Life Sciences,,,,"The AFiD Agricultural Structure Panel provides information on land use, livestock numbers, organic farming, employment figures and ownership and tenancy relationships, among other things. It enables both static and dynamic analysis of agricultural holdings.",,fdz@statistik-nord.de,https://www.forschungsdatenzentrum.de/de/agrar/afid-panel-agrar,fairagro44,,,,,,,,,,,,,,,,,,,,,,,,,,,,,,,,,,,,,,,,,,,,,,,,,,,
45,RFId045202606012,RFId045202604272,ASS - Argicultural structure survey,Life Sciences,NA,Life Sciences,,,,"Destatis is the leading provider of official statistical information about Germany. Its primary mission is to collect, process, analyze, and publish objective, independent, and highly reliable statistical data concerning the country's economy, society, environment, and population. The website serves as a public repository for key national metrics—such as the inflation rate, gross domestic product (GDP), employment figures, and demographic changes. This data is widely used by policy-makers, researchers, businesses, and the general public to make informed, evidence-based decisions.",Juliane Gude,"info@destatis.de, post@destatis.de, internetredaktion@destatis.de",https://www.destatis.de,fairagro45,,,,,,,,,,,,,,,,,,,,,,,,,,,,,,,,,,,,,,,,,,,,,,,,,,,
46,RFId046202606012,RFId046202604272,FADN - Farm Accountancy Data Network,Life Sciences,NA,Life Sciences,,,,"In the database the standard results are available, a set of statistics that are periodically produced and published by the Commission. They describe in considerable detail the economic situation of farmers by different groups throughout the European Union. Variables defined in the standard results represent averages. These figures are calculated for each year, per Member State, Type of Farming and Economic Size class.",,agri-ext-helpdesk@ec.europa.eu,https://agridata.ec.europa.eu/extensions/FarmEconomyFocus/FADNDatabase.html,fairagro46,,,,,,,,,,,,,,,,,,,,,,,,,,,,,,,,,,,,,,,,,,,,,,,,,,,
47,RFId047202606012,RFId047202604272,IACS / InVeKoS,Life Sciences,NA,Life Sciences,,"Directorate-General for Agriculture and Rural Development (DG AGRI), European Commission",,"The European Commission's ""Managing payments"" page outlines the governance and financial architecture used to distribute and monitor funds under the Common Agricultural Policy (CAP). Operating under the principle of ""shared management,"" the European Commission delegates the execution of payments to accredited national paying agencies within each EU member state, while maintaining overall financial responsibility and oversight. To ensure transparency, accountability, and the legal compliance of billions of euros in agricultural subsidies, the framework utilizes the Integrated Administration and Control System (IACS). This system leverages digital tools, including geo-spatial field data and satellite monitoring via the Area Monitoring System (AMS), to track farm compliance, verify funding eligibility, and prevent financial irregularities.",,AGRI-EUROPA-UPDATE@ec.europa.eu,https://agriculture.ec.europa.eu/common-agricultural-policy/financing-cap/assurance-and-audit/managing-payments_en,fairagro47,,,,,,,"Directorate-General for Agriculture and Rural Development (DG AGRI), European Commission",,,,,,,,,,,,,,,,,,,,,,,,,,,,,,,,,,,,,,,,,,,,
48,RFId048202606012,RFId048202604272,BORIS - Standard land values,Life Sciences,NA,Life Sciences,,,,"BORIS-D is a joint project of several federal states. The aim of the project is to make standardized, web-based and easily accessible land values from the expert committees for land values available to the general public across all federal states.",,,https://www.bodenrichtwerte-boris.de/boris-d,fairagro48,,,,,,,,,,,,,,,,,,,,,,,,,,,,,,,,,,,,,,,,,,,,,,,,,,,
49,RFId049202606012,RFId049202604272,BVVG - Tender result and rental prices,Life Sciences,NA,Life Sciences,,,,The BVVG manages former state-owned agricultural and forestry land in the five eastern German federal states. The current tenders are based on the 2024 land management principles.,,kontakt@bvvg.de,https://www.bvvg.de/,fairagro49,,,,,,,,,,,,,,,,,,,,,,,,,,,,,,,,,,,,,,,,,,,,,,,,,,,
50,RFId050202606012,RFId050202604272,Expert committees,Life Sciences,NA,Life Sciences,,Landesvermessung und Geobasisinformation Brandenburg,,"This page belongs to the Oberer Gutachterausschuss für Grundstückswerte im Land Brandenburg (The Upper Committee of Property Valuation Experts in the State of Brandenburg). It is an independent, specialized governmental body consisting of property valuation experts. The committee's primary responsibility is to maintain transparency in the real estate market across the federal state of Brandenburg. They analyze real estate transactions, compile state-wide market overviews, provide standardized guidelines for land and property valuation, and evaluate complex valuation issues, including specialized assessments for agricultural and forestry land values.",,oberer.gutachterausschuss@geobasis-bb.de,https://gutachterausschuss.brandenburg.de/gaa/de/gutachterausschuesse/oberer-gutachterausschuss/#,,,,,,,,Landesvermessung und Geobasisinformation Brandenburg,,,,,,,,,,,,,,,,,,,,,,,,,,,,,,,,,,,,,,,,,,,,
51,RFId051202606012,RFId051202604272,BioImage Archive,Life Sciences,NFDI4BIOIMAGE,Life Sciences,,EMBL-EBI (European Molecular Biology Laboratory - European Bioinformatics Institute).,,The BioImage Archive is a foundational public repository for biological and biomedical imaging data. It accepts microscopy datasets of all scales linked to peer-reviewed publications—spanning from whole organism imaging down to the molecular level. It serves as a primary repository to help researchers meet data-sharing mandates from funders and publishers.,,bioimage-archive@ebi.ac.uk,https://www.ebi.ac.uk/bioimage-archive/,fairagro51,,,,,,https://nfdi4bioimage.de/en/services/#repositories,EMBL-EBI (European Molecular Biology Laboratory - European Bioinformatics Institute).,,,,,,,,,,,,,,,,,,,,,,,,,,,,,,,,,,,,,,,,,,,,
52,RFId052202606012,RFId052202604272,Image Data Resource,Life Sciences,NFDI4BIOIMAGE,Life Sciences,,University of Dundee and EMBL-EBI,,"The IDR is a highly curated public repository providing highly annotated, reference-grade biological image datasets from published scientific research. Unlike a general archive, the IDR integrates image data with detailed metadata describing experimental targets (such as genes, small molecules, or phenotypes), making it fully searchable and ideal for reuse in data mining or machine learning.",,idr@openmicroscopy.org,https://idr.openmicroscopy.org/,fairagro52,,,,,,https://nfdi4bioimage.de/en/services/#repositories,University of Dundee and EMBL-EBI,,,,,,,,,,,,,,,,,,,,,,,,,,,,,,,,,,,,,,,,,,,,
53,RFId053202606012,RFId053202604272,Electron Microscopy Public Image Archive,Life Sciences,NFDI4BIOIMAGE,Life Sciences,,EMBL-EBI,,"EMPIAR is a specialized public repository for raw, high-resolution image data. It stores the massive structural data used to generate 3D cryo-EM maps and tomograms, alongside 3D datasets produced by volume electron microscopy, as well as soft and hard X-ray tomography techniques. It serves as an essential companion archive to the Protein Data Bank (PDB) and EM Data Bank (EMDB).",,empiar@ebi.ac.uk,https://www.ebi.ac.uk/empiar/,,,,,,,https://nfdi4bioimage.de/en/services/#repositories,,,,,,,,,,,,,,,,,,,,,,,,,,,,,,,,,,,,,,,,,,,,,
54,RFId054202606012,RFId054202604272,Preclinical Image Dataset Repository,Life Sciences,NFDI4BIOIMAGE,Life Sciences,,"Institute of Biostructures and Bioimaging (IBB-CNR), Italy",,"PIDAR is an open-access repository that catalogs detailed structural metadata for preclinical animal imaging datasets (across modalities like CT, MRI, PET, SPECT, and Ultrasound) linked to peer-reviewed publications. It provides a specialized data model to organize, discover, and share preclinical research according to strict FAIR principles.",,preclinicaldata@eurobioimaging.eu,https://pidar.hpc4ai.unito.it/Datasets/Index,,,,,,,https://nfdi4bioimage.de/en/services/#repositories,,,,,,,,,,,,,,,,,,,,,,,,,,,,,,,,,,,,,,,,,,,,,
55,RFId055202606012,RFId055202604272,German Human Genome-Phenome Archive,Life Sciences,GHGA,Life Sciences,GHGA,"GHGA Consortium (coordinated by German Cancer Research Center – DKFZ, 
with partners including EMBL Heidelberg, University of Tübingen, 
Heidelberg University Hospital, Charité Berlin, University Medical Center Göttingen, 
Technical University of Munich, Max Delbrück Center Berlin, and Helmholtz Zentrum München)",Repository,"The German Human Genome-Phenome Archive (GHGA) is a dedicated repository for storing and sharing diverse genomic and phenotypic data from a wide range of scientific studies, including clinical trials, population research, routine healthcare, and biomedical investigations usually coming from research institutions in Germany.",,contact@ghga.de,https://data.ghga.de/,r3d100014563,,Datasets from experimental and genomic data ,CC,https://zenodo.org/records/14357642,restricted,https://data.ghga.de/,,,,,,,,,,,,,,,,,,,,,,,,,,,,,,,,,,,,,,,,,,,,,
56,RFId056202606012,RFId056202604272,NFDI4Immuno Data Portal,Life Sciences,NFDI4Immuno,Life Sciences,,NFDI4Immuno consortium (coordinated by DKFZ – German Cancer Research Center),Infrastructure,"Platform for uploading, browsing and analyzing immunological datasets in FAIR format (including AIRR-seq and flow cytometry data); provides metadata-guided submission, dataset exploration and analysis pipelines
",,info@nfdi4immuno.de,https://www.nfdi4immuno.de,,,"Datasets (immunology research data: AIRR-seq, flow cytometry), metadata and analysis tools",,,partially restricted,https://www.drfz.de/en/forschungsprojekte/nfdi4immuno/,,,,,,,,,,,,,,,,,,,,,,,,,,,,,,,,,,,,,,,,,,,,,
57,RFId057202606012,RFId057202604272,PLANTdataHUB,Life Sciences,DataPLANT,"Life Sciences, Agricultural Sciences",,University of Freiburg,,"The PLANTdataHUB platform provides a resource, enabling modern RDM for the plant community with state-of-the art knowledge organization. It combines existing free and open-source platforms and standards to store and organizes ARCs in a central repository. Moreover, it supports ARCs with facilities for automated quality control, data interrogation, and collaboration workflows. PLANTdataHUB is also a software-as-a-service blueprint, and instances can be realized at any level (personal, institutional, or global) that is convenient for the supported research process, while retaining full interoperability with the central instance and each other. In this manuscript, we describe the architecture of the PLANTdataHUB and explore the design choices underlying it.",,info@nfdi4plants.org,https://git.nfdi4plants.org/explore,,,,,,,,,,,,,,,,,,,,,,,,,,,,,,,,,,,,,,,,,,,,,,,,,,,,
58,RFId058202606012,RFId058202604272,ARChive,Life Sciences,DataPLANT,"Life Sciences, Agricultural Sciences",,University of Freiburg,,"The ARChive (archive.nfdi4plants.org) is the central, open-access data publication and long-term storage repository for the German plant science research community. Operating under the DataPLANT consortium (part of Germany's National Research Data Infrastructure, NFDI), it is designed specifically for publishing data formatted as Annotated Research Contexts (ARCs). ARCs are self-contained digital packages that seamlessly tie together raw experimental omics data (genomics, metabolomics, proteomics, phenomics), detailed metadata, and the exact computational workflows used to analyze them. Built using the open-source InvenioRDM framework, the ARChive features an automated ""Continuous Quality Control"" (CQC) validation pipeline. This ensures that submitted datasets adhere to strict international metadata standards (like ISA, CWL, and MIAPPE) and auto-mints persistent Digital Object Identifiers (DOIs), turning traditional static biological archives into highly reproducible, actionable, and machine-readable assets.",,support@nfdi4plants.de,https://archive.nfdi4plants.org/,,,,,,,,,,,,,,,,,,,,,,,,,,,,,,,,,,,,,,,,,,,,,,,,,,,,
59,RFId059202606012,RFId060202604272,Health Study Hub,Life Sciences,NFDI4Health,Life Sciences,,ZB MED – Information Centre for Life Sciences,,"The Health Study Hub (health-study-hub.de) is a specialized national inventory and repository platform built to make German research data from clinical trials, public health, and epidemiological studies comply with FAIR data principles.",,helpdesk@nfdi4health.de,https://health-study-hub.de/,,,,,,,,,,,,,,,,,,,,,,,,,,,,,,,,,,,,,,,,,,,,,,,,,,,,
60,RFId060202606012,RFId061202604272,LIMSOPHY,Life Sciences,FAIRagro,Life Sciences,,Leibniz Institut for Plant Genetics and Crop Plant Research (IPK),Database,"LIMSOPHY at IPK is an enterprise-grade Laboratory Information Management System (LIMS) and relational data back-end framework customized specifically for the unique workflows of crop science. Implemented at the Leibniz Institute of Plant Genetics and Crop Plant Research (IPK), it serves as a central digital archive that structures and integrates vast layers of heterogeneous research assets. The platform tracks over 4,000 distinct plant experiments, logs nearly 2.5 million biological probes and material tracking points, and houses upwards of 14 million raw data records—including automated calculation formulas, phenotypic time-series imaging captured by high-throughput LemnaTec systems, and historical genebank passport photographs. By utilizing a customized commercial core from AAC Infotray AG, it reliably connects disparate laboratory data silos while providing programmatic access via the FAIR-IPK REST API to ensure data reproducibility.",,"schueler@ipk-gatersleben.de, lange@ipk-gatersleben.de",,,,,,,,https://FAIRagro.net/en/services/search-hub/our-research-data-infrastructure/,Leibniz Institut for Plant Genetics and Crop Plant Research (IPK),,,,,,,,,,,,,,,,,,,,,,,,,,,,,,,,,,,,,,,,,,,,
61,RFId061202606012,RFId062202604272,PANGAEA,Natural Sciences,FAIRagro,Natural Sciences,,"Alfred Wegener Institute, Helmholtz Center for Polar and Marine Research (AWI) and Center for Marine Environmental Sciences, University of Bremen (MARUM)",Information System ,Data Publisher for Earth and Environmental Science,Frank Oliver Glöckner,frank.oliver.gloeckner@awi.de,https://www.pangaea.de/,r3d100010134,," geochemical, biological observational and occurrence data from marine and terrestrial environments.","The default licence is CC BY but other types such as CC-0, CC-BY-SA or CC-BY-ND are possible too.",https://kb.gfbio.org/pages/viewpage.action?pageId=113904349,unrestricted,https://www.nfdi4biodiversity.org/en/datenzentren/#:~:text=Image%3A%202,"Alfred Wegener Institute, Helmholtz Center for Polar and Marine Research (AWI) and Center for Marine Environmental Sciences, University of Bremen (MARUM)",,,,,unrestricted,,,,,,,,,,,Yes,Yes,Yes,Yes,Yes,Yes,No,No,Yes,Yes,Yes,Yes,Yes,Yes,Yes,Yes,Yes,Yes,Yes,Yes,,,,,,,,,
62,RFId062202606012,RFId063202604272,Chemotion Repository ,Natural Sciences,NFDI4Chem,"Chemistry, Natural Sciences",Repository for molecules and research data,"Karlsruhe Institute of Technology (KIT), Institute of Organic Chemistry",Repository,"Chemotion Repository is a field-specific repository for chemistry data, supporting molecules, reactions and associated analytical data.",,nicole.jung@kit.edu,https://www.chemotion-repository.net/welcome,r3d100010748,,Datasets and Images ,"Creative Commons licenses – CC BY-SA 4.0, CC BY 4.0, or CC0. Authors can also publish contents under public domain mark.","https://chemotion.net/docs/repo/faq#:~:text=,Repository%20available",unrestricted,https://www.nfdi4chem.de/repos/,"Karlsruhe Institute of Technology (KIT), Institute of Organic Chemistry",,,,,unrestricted,,,,,,,,,,,,,,,,,,,,,,,,,,,,,,,,,,,,,,,
63,RFId063202606012,RFId064202604272,MassBank Eurpe,Natural Sciences,NFDI4Chem,"Natural Sciences, Environmental sciences","MassBank, High Resolution Mass Spectral Database, NORMAN MassBank","Helmholtz Centre for Environmental Research (UFZ, Germany)",Repository,"Database of mass spectra of known, unknown and provisionally identified substances.",,tobias.schulze@ufz.de,https://massbank.eu/MassBank/,r3d100011839,,Datasets,CC BY (Creative Commons Attribution),https://knowledgebase.nfdi4chem.de/knowledge_base/docs/licences/,unrestricted,https://knowledgebase.nfdi4chem.de/knowledge_base/docs/choose_repository/,"Helmholtz Centre for Environmental Research (UFZ, Germany)",,,,,unrestricted,,,,,,,,,,,,,,,,,,,,,,,,,,,,,,,,,,,,,,,
64,RFId064202606012,RFId065202604272,nmrXiv,Natural Sciences,NFDI4Chem,"Natural Sciences, Chemistry",,Friedrich-Schiller-Universität Jena,Repository,"nmrXiv is an open, FAIR and consensus-driven NMR spectroscopy data repository and analysis platform. We archive raw and processed NMR data, providing support for browsing, search, analysis, and dissemination of NMR data worldwide.",,info.nmrxiv@uni-jena.de,https://nmrxiv.org/,r3d100014211,,Datasets,"CC BY (Creative Commons Attribution) , ODC and others. ",https://docs.nmrxiv.org/submission-guides/licenses.html#license,unrestricted,https://knowledgebase.nfdi4chem.de/knowledge_base/docs/choose_repository/,Friedrich-Schiller-Universität Jena,,,,,unrestricted,,,,,,,,,,,,,,,,,,,,,,,,,,,,,,,,,,,,,,,
65,RFId065202606012,RFId066202604272,RADAR4Chem,Natural Sciences,NFDI4Chem,"Natural Sciences, Chemistry",,FIZ Karlsruhe - Leibniz-Institut für Informationsinfrastruktur GmbH,Repository,"RADAR4Chem is a low‐threshold, easy-to-use publishing service for chemistry research data",,felix.bach@fiz-karlsruhe.de,https://radar4chem.radar-service.eu/radar/en/home,r3d100014010,,Datasets,CC 0,License_and_User_Instructions_for_Data_Providers_RADAR4Chem.pdf,unrestricted,https://knowledgebase.nfdi4chem.de/knowledge_base/docs/choose_repository/,FIZ Karlsruhe - Leibniz-Institut für Informationsinfrastruktur GmbH,,,,,unrestricted,,,,,,,,,,,Yes,Yes,Yes,Yes,Yes,Yes,No,No,Yes,Yes,Yes,Yes,Yes,Yes,Yes,Yes,Yes,Yes,Yes,Yes,,,,,,,,,
66,RFId066202606012,RFId067202604272,STRENDA DB,Natural Sciences,NFDI4Chem,"Natural Sciences, Chemistry",Standards for Reporting Enzymology Data,Beilstein-Institut zur Förderung der Chemischen Wissenschaften,Data portal,"STRENDA DB is a storage and search platform supported by the Beilstein-Institut that incorporates the STRENDA Guidelines in a user-friendly, web-based system.",,strenda@beilstein-institut.de,https://www.beilstein-strenda-db.org/strenda/,r3d100012329,,Datasets,CC,https://www.re3data.org/repository/r3d100012329,unrestricted,https://knowledgebase.nfdi4chem.de/knowledge_base/docs/choose_repository/,Beilstein-Institut zur Förderung der Chemischen Wissenschaften,,,,,unrestricted,,,,,,,,,,,,,,,,,,,,,,,,,,,,,,,,,,,,,,,
67,RFId067202606012,RFId068202604272,Suprabank,Natural Sciences,NFDI4Chem,"Natural Sciences, Chemistry",,"Karlsruhe Institut für Technologie, Institut für Nanotechnologie",,An open resource for intermolecular interactions,,contact@suprabank.org,https://suprabank.org/,r3d100013265,,Datasets,CC; CC0,https://www.re3data.org/repository/r3d100013265,unrestricted,https://knowledgebase.nfdi4chem.de/knowledge_base/docs/choose_repository/,"Karlsruhe Institut für Technologie, Institut für Nanotechnologie",,,,,unrestricted,,,,,,,,,,,,,,,,,,,,,,,,,,,,,,,,,,,,,,,
68,RFId068202606012,RFId069202604272,Cambridge Structural Database,Natural Sciences,NFDI4Chem,"Natural Sciences, Chemistry",Cambridge Crystallographic Data Centre,Cambridge Crystallographic Data Centre,Repository,"The CSD is a comprehensive repository of over one million experimentally determined 3D crystal structures of organic and metal-organic compounds, supporting global research through both published and directly deposited data.",,hello@ccdc.cam.ac.uk ; support@ccdc.cam.ac.uk,https://www.ccdc.cam.ac.uk/solutions/software/csd/,r3d100010197,,"Crystal structure data (atomic coordinates, unit‑cell parameters, metadata)."," The Cambridge Structural Database (CSD) data is provided under a custom, restricted license that permits personal and non-commercial use only, with commercial use requiring a separate license from the CCDC",https://www.ccdc.cam.ac.uk/terms-and-conditions/,restricted,https://knowledgebase.nfdi4chem.de/knowledge_base/docs/choose_repository/,Cambridge Crystallographic Data Centre,,,,,restricted,,,,,,,,,,,Yes,Yes,Yes,Yes,Yes,Yes,No,No,Yes,Yes,Yes,Yes,Yes,Yes,Yes,Yes,Yes,Yes,Yes,Yes,,,,,,,,,
69,RFId069202606012,RFId070202604272,Inorganic Crystal Structure Database,Natural Sciences,NFDI4Chem,"Natural Sciences, Chemistry",ICSD Web,FIZ Karlsruhe - Leibniz Institut für Informationsinfrastruktur,Database,"Largest curated collection of experimentally determined inorganic crystal structures from X‑ray and neutron diffraction; includes atomic coordinates, cell parameters and bibliographic metadata; covers minerals, oxides, intermetallics, halides, ceramics and other non‑organic compounds",,contact@fiz-karlsruhe.de,https://icsd.products.fiz-karlsruhe.de/,r3d100010085,,Inorganic crystal structure data sets,ICSD Web – Academic user single license,https://icsd.products.fiz-karlsruhe.de/support/icsd-versions-and-licenses,restricted,https://knowledgebase.nfdi4chem.de/knowledge_base/docs/choose_repository/,FIZ Karlsruhe - Leibniz Institut für Informationsinfrastruktur,,,,,restricted,,,,,,,,,,,,,,,,,,,,,,,,,,,,,,,,,,,,,,,
70,RFId070202606012,RFId071202604272,NOMAD,Natural Sciences,NFDI4Chem,"Natural Sciences, Chemistry","NOMAD: Materials science data, managed and shared",Humboldt Universität zu Berlin ,Web portal,"NOMAD is used to organize, analyze, share, and publish your materials science data, as well as explore, download, and analyze the data.",,contact@nomad-lab.eu ,https://nomad-lab.eu/,r3d100011583,,"Computational datasets, simulation data, materials properties data, workflows, metadata",Creative Commons Attribution 4.0 License.,https://nomad-lab.eu/nomad-lab/terms.html,partially restricted,https://knowledgebase.nfdi4chem.de/knowledge_base/docs/choose_repository/,Humboldt Universität zu Berlin ,,,,,partially restricted,,,,,,,,,,,,,,,,,,,,,,,,,,,,,,,,,,,,,,,
71,RFId071202606012,RFId072202604272,iochem-BD,Natural Sciences,NFDI4Chem,"Natural Sciences, Chemistry",,"Institute of Chemical Research of Catalonia (ICIQ) – developed at ICIQ in collaboration with Universitat Rovira i Virgili (URV), Universitat Autònoma de Barcelona (UAB), and ICREA; repository service hosted by Barcelona Supercomputing Center (BSC)",Repository,ioChem-BD is a Digital Repository to manage Computational Chemistry and Material Science digital assets.,,contact@iochem-bd.org : malvarez@iciq.es,https://www.iochem-bd.org/,r3d100012553,,"Computational chemistry and materials science research data (e.g. quantum chemistry calculation outputs and related datasets), converted and stored in a standard Chemical Markup Language (CML) format","Creative Commons Attribution 4.0 International (CC BY 4.0) for data (with certain components, such as generated HTML report files, under a CC BY-NC-ND 4.0 license)",https://www.datacc.org/en/warehouses/iochem-bd/,unrestricted,https://knowledgebase.nfdi4chem.de/knowledge_base/docs/choose_repository/,"Institute of Chemical Research of Catalonia (ICIQ) – developed at ICIQ in collaboration with Universitat Rovira i Virgili (URV), Universitat Autònoma de Barcelona (UAB), and ICREA; repository service hosted by Barcelona Supercomputing Center (BSC)",,,,,unrestricted,,,,,,,,,,,Yes,Yes,No,Yes,Yes,Yes,No,No,Yes,Yes,No,No,No,Yes,Yes,Yes,Yes,Yes,Yes,Yes,,,,,,,,,
72,RFId072202606012,RFId073202604272,EUDATA B2SHARE,Natural Sciences,NFDI4Chem,"Life Sciences, Engineering Sciences, Natural Sciences, Humanities and Social Sciences",EUDAT CDI B2SHARE,EUDAT Ltd (service owner) and CSC – IT Center for Science Ltd,Repository,"User-friendly service to store, publish, and share research data in a FAIR way; supports community metadata extensions, access rules and workflows; assigns persistent identifiers (DOI for datasets and Handle PIDs for data objects); metadata is openly accessible and discoverable via EUDAT discovery services.",,info@eudat.eu,https://b2share.eudat.eu/,r3d100011394,,Datasets (“records”) that include data files + metadata; community-specific metadata schema extensions; persistent identifiers (DOI + Handle) and checksums; machine interfaces: REST API and OAI-PMH,Dataset-level licence is chosen by depositor (supports Creative Commons and “other” licences); licence selector tool is available during deposition to guide choice,https://eudat.eu/services/userdoc/license-selector,partially restricted,https://nfdi4chem.de/repos/,EUDAT Ltd (service owner) and CSC – IT Center for Science Ltd,,,,,partially restricted,,,,,,,,,,,,,,,,,,,,,,,,,,,,,,,,,,,,,,,
73,RFId073202606012,RFId074202604272,Semantic Lookup Platform,Natural Sciences,NFDI4Chem ; NFDI4Health,"Life Sciences, Chemistry, Biomedicine",SemlookP,Leibniz Institute of Plant Biochemistry (IPB Halle),Repository,"SemLookP is a semantic lookup and ontology integration service supporting FAIR metadata annotation and search in the life sciences. It is built on the EBI Ontology Lookup Service (OLS) and Ontology Xref (OxO) mapping tool. SemLookP provides access to key standardized ontologies for annotating human, mouse and rat omics data and clinical data, and includes terminologies for genes, gene variants, transcripts (mRNAs/miRNAs), and proteins. A mapping service connects concepts across different vocabularies, allowing researchers to semantically annotate data and literature in an unambiguous, interoperable way",,semlookp-support@zbmed.de,https://semanticlookup.zbmed.de,,,"Standardized terminologies/ontologies (controlled vocabularies in health and chemistry domains) and their cross-reference mappings. SemLookP’s public instance includes major biomedical vocabularies (e.g. SNOMED CT, ICD) and domain ontologies like FoodEx2/FOODON for nutrition, etc., plus mappings between equivalent terms across these resources","Varied by source ontology. Ontologies accessible via SemLookP are subject to their individual licenses: many are open (e.g. CC BY or CC0 for public ontologies like FOODON), while some medical terminologies (e.g. SNOMED CT, ICD) have restricted or proprietary licensing",https://blog.zbmed.de/forschung-daten-fair-nfdi4health,unrestricted,https://www.nfdi4health.de/en/service/terminology-service.html,Leibniz Institute of Plant Biochemistry (IPB Halle),,,,,unrestricted,,,,,,,,,,,,,,,,,,,,,,,,,,,,,,,,,,,,,,,
74,RFId074202606012,RFId075202604272,VibSpecDB ,Natural Sciences,NFDI4Chem,Chemistry,,NFDI4Chem consortium,,"VibSpecDB is an open-access, cloud-based data repository and processing platform specifically designed for the vibrational spectroscopy community (such as Raman and Infrared/IR spectroscopy). Built using a modern microservices architecture, it enables researchers to download, process, visually navigate, and publish their spectral datasets according to FAIR data principles.",,helpdesk@nfdi4chem.de,https://vibspecdb.de/,,,,,,,,,,,,,,,,,,,,,,,,,,,,,,,,,,,,,,,,,,,,,,,,,,,,
75,RFId075202606012,RFId076202604272,Repo4Cat,Engineering Sciences,NFDI4Cat,Chemistry,,DECHEMA,Service Portal,"This Central Platform brings everything together in one place – a hub where research can be shared, discovered, and advanced collaboratively. It enables researchers to make their work visible, find relevant information and tools, and connect with others.",Dr. Sara Espinoza,"sara.espinoza@dechema.de, info@nfdi4cat.org",https://repository.nfdi4cat.org/,,,,,,,,,,,,,,,,,,,,,,,,,,,,,,,,,,,,,,,,,,,,,,,,,,,,
76,RFId076202606012,RFId077202604272,Soil Wise,Life Sciences,NA,Life Sciences,,"BioSense Institute, Novi Sad, Serbia",Repository,"SoilWise HE (soilwise-he.eu) is an open-access European data and knowledge repository funded by the Horizon Europe ""Mission Soil"" project, designed to safeguard and improve soil health by 2030. It functions as an integrated, actionable hub that brings together scattered, mismatched soil datasets from across Europe, making them Findable, Accessible, Interoperable, and Reusable (FAIR) for researchers, farmers, and policymakers. By utilizing machine learning, AI-driven natural language processing, and integrated knowledge graphs, the platform harmonizes heterogeneous data—such as soil erosion, carbon sequestration, and contaminant metrics—to provide a reliable infrastructure for data-driven spatial policies and informed decision-making.",,soilwise@biosense.rs,https://repository.soilwise-he.eu/,,,,,,,,,,,,,,,,,,,,,,,,,,,,,,,,,,,,,,,,,,,,,,,,,,,,
77,RFId077202606012,RFId078202604272,DaKS,Multidesciplinary,NA,"Life Sciences, Agricultural Sciences, Forestry, Animal Nutrition, Engineering Sciences, Natural Sciences","Datenrepositorium Kassel, Datenrepository der Universität Kassel, Datarepository of the University of Kassel",Universität Kassel,Repository,"DaKS is the institutional repository of the University of Kassel for research data. It offers structured storage of research data alongside with descriptive metadata, long-term archiving for at least 10 years and – if requested – the publication of the dataset with a DOI.",,"forschungsdaten@uni-kassel.de, daks@uni-kassel.de",https://daks.uni-kassel.de/,r3d100013608,,,,,,,,,,,,,,,,,,,,,,,,,,,,,,,,,,,,,,,,,,,,,,,,,,,
78,RFId078202606012,RFId079202605193,EWRS - Euroean Weed Research Society,Life Sciences,NA,"Plant Sciences, Life Sciences",,European Weed Research Society.,,The AWME database contains weed vegetation survey data from across Europe,,scicom.secretary@ewrs.org,https://ewrs.org/en/Working-Groups/Weed-Vegetation-and-Biodiversity/AWME-database,,,,,,,,,,,,,,,,,,,,,,,,,,,,,,,,,,,,,,,,,,,,,,,,,,,,